{
  "hash": "92875273",
  "configHash": "38bcf9f5",
  "lockfileHash": "cf4e14b6",
  "browserHash": "31d1c616",
  "optimized": {
    "@angular/common": {
      "src": "../../../../../node_modules/@angular/common/fesm2022/common.mjs",
      "file": "@angular_common.js",
      "fileHash": "f0ca2139",
      "needsInterop": false
    },
    "@angular/common/http": {
      "src": "../../../../../node_modules/@angular/common/fesm2022/http.mjs",
      "file": "@angular_common_http.js",
      "fileHash": "6f7f9594",
      "needsInterop": false
    },
    "@angular/core": {
      "src": "../../../../../node_modules/@angular/core/fesm2022/core.mjs",
      "file": "@angular_core.js",
      "fileHash": "c9ebc981",
      "needsInterop": false
    },
    "@angular/forms": {
      "src": "../../../../../node_modules/@angular/forms/fesm2022/forms.mjs",
      "file": "@angular_forms.js",
      "fileHash": "3a40c89d",
      "needsInterop": false
    },
    "@angular/platform-browser": {
      "src": "../../../../../node_modules/@angular/platform-browser/fesm2022/platform-browser.mjs",
      "file": "@angular_platform-browser.js",
      "fileHash": "da120956",
      "needsInterop": false
    },
    "@angular/router": {
      "src": "../../../../../node_modules/@angular/router/fesm2022/router.mjs",
      "file": "@angular_router.js",
      "fileHash": "eeb5c7dd",
      "needsInterop": false
    },
    "rxjs": {
      "src": "../../../../../node_modules/rxjs/dist/esm5/index.js",
      "file": "rxjs.js",
      "fileHash": "0bbcf580",
      "needsInterop": false
    },
    "rxjs/operators": {
      "src": "../../../../../node_modules/rxjs/dist/esm5/operators/index.js",
      "file": "rxjs_operators.js",
      "fileHash": "8fbe6e19",
      "needsInterop": false
    },
    "swiper": {
      "src": "../../../../../node_modules/swiper/swiper.mjs",
      "file": "swiper.js",
      "fileHash": "513968ac",
      "needsInterop": false
    }
  },
  "chunks": {
    "chunk-BJ3DD6SL": {
      "file": "chunk-BJ3DD6SL.js"
    },
    "chunk-BE5S7UTF": {
      "file": "chunk-BE5S7UTF.js"
    },
    "chunk-HQQV3QPF": {
      "file": "chunk-HQQV3QPF.js"
    },
    "chunk-O53GZUO2": {
      "file": "chunk-O53GZUO2.js"
    },
    "chunk-5X3OOUUX": {
      "file": "chunk-5X3OOUUX.js"
    },
    "chunk-TFMRLFGK": {
      "file": "chunk-TFMRLFGK.js"
    },
    "chunk-KQP4K3F6": {
      "file": "chunk-KQP4K3F6.js"
    },
    "chunk-WDMUDEB6": {
      "file": "chunk-WDMUDEB6.js"
    }
  }
}